,x
1, 일제 잔재 유치원 명칭 유아학교 로 교총 서명운동 돌입 
2, 尹대통령 국민께 미안하고 죄송 책임자 엄정 책임 묻겠다 종합 
3, 러 실제 핵 사용 임박했나 美 보좌관 러 관리와 비공개 회담 
4, 尹대통령 안전제도 전면 재검토 책임자에 책임 묻겠다 상보 
5, 가을 한파특보 내렸던 지난달 첫서리 얼음도 예년보다 일러 
6, 윤 대통령 지지율     참사 대응 여파     리얼미터 
7, 윤 대통령 국민께 미안 죄송한 마음 일주일여 만에 첫 국민 대상 사과 
8, 메타 이번주 수천명 해고  년 역사상 첫 대규모 감원 
9, 한화 미래 생보사 보험금 이자 덜 주다 덜미 
10, 나무 써야 할까 쓰지 말아야 할까 탄소중립 시대 나무를 다시 생각한다 
11, 김기현 육군  사단 폭발사고 후속 조치 만전 기해야 
12, 한화그룹  월 대우조선해양 현장 실사 내년 상반기 인수 마무리 
13, 코레일 직원 오봉역서 작업 도중 사망 올해  번째 중대재해법 조사 
14, 대규모 해고 뒤엔 또 다시 인력 채용 머스크의 전략은 
15, 수협은행 차기 은행장 최종후보 면접 내 외부 출신  파전 
16, 한미일 외교차관 北도발로 고립 심화   등서 긴밀히 공조 
17, 개장시황 코스피     오른  선 환율  원 하락 
18, 제로 코로나 종료설 사실 아닐 가능성 큰 이유  가지 
19, 尹 국가안전시스템 점검회의 주재 재난안전 관리체계 총점검 
20, 주호영 진상조사委 예산 낭비 되풀이 안돼 재발 방지 중요 
21, 외도 현장에 저를 데려갔던 엄마 그 기억이 잊히지 않아 괴로워요 정우열의 회복 
22, 이정미 용산서장 파출소 옥상서  분 이러고 세금 받아왔나 
23, 농촌 사람들이 내게 불친절 이유 를 거론한 후 
24, 뉴스라이더 北 탄도미사일  발 서해로 발사 의도는 
25, 최강시사 박지원 대통령이 장삼이사인가 왜 상가 喪家 만 다니나 책임 소재 정리하고 국정 돌봐야 
26, 위기 주범은 파월 금리 급등 부메랑 맞을 미국 정인설의 워싱턴나우 
27, 불황일수록 더 주목 받는 경매 
28, 인터뷰 페르난도 메니스 현대건축이란 손상된 건축물 다시 회복하는 작업 
29, 코로나  월요일 신규 확진자 현황
30, 대중을 혁명열 투쟁열로 북한 태탄군 당 위원회 일꾼들
31,사진으로 보는 지난 주말 
32,이태원 참사 얼마 지나지 않았는데 붐비는 지하철
